{
  "background_counts": [
    [
      98,
      203
    ]
  ],
  "shot_rate": 460273.3333333333,
  "num_shots": null,
  "integration_time": 1,
  "background_ratio": 0.0006539592416100578,
  "HH": [
    [
      471458,
      1341
    ],
    [
      464513,
      1452
    ],
    [
      459468,
      1398
    ],
    [
      452967,
      1472
    ],
    [
      459519,
      1481
    ]
  ],
  "HV": [
    [
      174,
      479517
    ],
    [
      169,
      485136
    ],
    [
      155,
      480799
    ],
    [
      174,
      484149
    ],
    [
      172,
      481046
    ]
  ],
  "HD": [
    [
      225768,
      242104
    ],
    [
      229593,
      243066
    ],
    [
      228629,
      242182
    ],
    [
      227994,
      244240
    ],
    [
      227539,
      242383
    ]
  ],
  "HA": [
    [
      215701,
      246505
    ],
    [
      219129,
      249656
    ],
    [
      219156,
      246810
    ],
    [
      218178,
      246970
    ],
    [
      218474,
      247221
    ]
  ],
  "HR": [
    [
      244576,
      247636
    ],
    [
      235344,
      243927
    ],
    [
      237229,
      242466
    ],
    [
      239259,
      242824
    ],
    [
      236374,
      241375
    ]
  ],
  "HL": [
    [
      211385,
      266459
    ],
    [
      207015,
      267495
    ],
    [
      203780,
      262064
    ],
    [
      209896,
      266413
    ],
    [
      206237,
      264687
    ]
  ],
  "VH": [
    [
      980,
      481510
    ],
    [
      990,
      481711
    ],
    [
      955,
      475584
    ],
    [
      903,
      475121
    ],
    [
      978,
      474900
    ]
  ],
  "VV": [
    [
      447872,
      338
    ],
    [
      445781,
      381
    ],
    [
      444493,
      446
    ],
    [
      443961,
      463
    ],
    [
      443778,
      429
    ]
  ],
  "VD": [
    [
      228008,
      240572
    ],
    [
      229985,
      247374
    ],
    [
      222157,
      234162
    ],
    [
      226421,
      237784
    ],
    [
      224830,
      238184
    ]
  ],
  "VA": [
    [
      224256,
      243324
    ],
    [
      223431,
      244986
    ],
    [
      221863,
      241861
    ],
    [
      223090,
      240297
    ],
    [
      221848,
      242341
    ]
  ],
  "VR": [
    [
      235853,
      238550
    ],
    [
      240420,
      241721
    ],
    [
      238060,
      237739
    ],
    [
      235696,
      235988
    ],
    [
      237393,
      236332
    ]
  ],
  "VL": [
    [
      259833,
      212712
    ],
    [
      260738,
      212014
    ],
    [
      262158,
      211939
    ],
    [
      254479,
      206888
    ],
    [
      265222,
      216319
    ]
  ],
  "DH": [
    [
      255376,
      218995
    ],
    [
      259755,
      225120
    ],
    [
      264501,
      228164
    ],
    [
      258840,
      220921
    ],
    [
      258711,
      224744
    ]
  ],
  "DV": [
    [
      232403,
      247429
    ],
    [
      231806,
      249503
    ],
    [
      231113,
      248347
    ],
    [
      230185,
      244040
    ],
    [
      231129,
      249062
    ]
  ],
  "DD": [
    [
      204428,
      279611
    ],
    [
      203744,
      282149
    ],
    [
      203132,
      282147
    ],
    [
      201944,
      277523
    ],
    [
      202418,
      282288
    ]
  ],
  "DA": [
    [
      285857,
      184675
    ],
    [
      284944,
      187101
    ],
    [
      286221,
      187332
    ],
    [
      282873,
      182502
    ],
    [
      277762,
      182857
    ]
  ],
  "DR": [
    [
      2220,
      486062
    ],
    [
      2782,
      485142
    ],
    [
      2808,
      485291
    ],
    [
      2138,
      492036
    ],
    [
      2861,
      484262
    ]
  ],
  "DL": [
    [
      472719,
      5609
    ],
    [
      472187,
      5781
    ],
    [
      471941,
      5634
    ],
    [
      471090,
      5290
    ],
    [
      469668,
      5517
    ]
  ],
  "AH": [
    [
      216018,
      265267
    ],
    [
      215097,
      269640
    ],
    [
      215928,
      268119
    ],
    [
      209967,
      258592
    ],
    [
      219307,
      272492
    ]
  ],
  "AV": [
    [
      223917,
      252485
    ],
    [
      221534,
      254708
    ],
    [
      222297,
      253668
    ],
    [
      222233,
      249665
    ],
    [
      222924,
      253723
    ]
  ],
  "AD": [
    [
      259923,
      214609
    ],
    [
      264732,
      221186
    ],
    [
      259754,
      215999
    ],
    [
      257074,
      212158
    ],
    [
      258462,
      215450
    ]
  ],
  "AA": [
    [
      167968,
      311528
    ],
    [
      169233,
      321069
    ],
    [
      167045,
      310467
    ],
    [
      166489,
      308273
    ],
    [
      166222,
      314915
    ]
  ],
  "AR": [
    [
      472294,
      2876
    ],
    [
      469970,
      2792
    ],
    [
      480639,
      2953
    ],
    [
      469116,
      2697
    ],
    [
      469891,
      2853
    ]
  ],
  "AL": [
    [
      5196,
      474637
    ],
    [
      5442,
      473953
    ],
    [
      4737,
      471709
    ],
    [
      4618,
      462628
    ],
    [
      5194,
      472790
    ]
  ],
  "RH": [
    [
      245334,
      272937
    ],
    [
      243888,
      274541
    ],
    [
      244324,
      270467
    ],
    [
      237920,
      266955
    ],
    [
      245549,
      275069
    ]
  ],
  "RV": [
    [
      245075,
      261087
    ],
    [
      243336,
      265122
    ],
    [
      244870,
      260116
    ],
    [
      242781,
      261278
    ],
    [
      245521,
      262319
    ]
  ],
  "RD": [
    [
      4602,
      507174
    ],
    [
      4443,
      521394
    ],
    [
      4492,
      504581
    ],
    [
      4367,
      508544
    ],
    [
      4629,
      518673
    ]
  ],
  "RA": [
    [
      469202,
      13639
    ],
    [
      467320,
      13757
    ],
    [
      468831,
      13706
    ],
    [
      465821,
      13810
    ],
    [
      467254,
      13800
    ]
  ],
  "RR": [
    [
      292380,
      221970
    ],
    [
      293934,
      221955
    ],
    [
      294013,
      220824
    ],
    [
      294203,
      220694
    ],
    [
      292714,
      220961
    ]
  ],
  "RL": [
    [
      208831,
      307801
    ],
    [
      205598,
      304499
    ],
    [
      205778,
      305689
    ],
    [
      205563,
      303598
    ],
    [
      204389,
      301220
    ]
  ],
  "LH": [
    [
      229887,
      259963
    ],
    [
      227895,
      261293
    ],
    [
      227334,
      259475
    ],
    [
      225392,
      261677
    ],
    [
      229213,
      261868
    ]
  ],
  "LV": [
    [
      247603,
      234593
    ],
    [
      246149,
      236565
    ],
    [
      247788,
      235830
    ],
    [
      245438,
      236746
    ],
    [
      246894,
      237126
    ]
  ],
  "LD": [
    [
      461778,
      3127
    ],
    [
      469155,
      3302
    ],
    [
      459874,
      3221
    ],
    [
      458549,
      3137
    ],
    [
      461125,
      3238
    ]
  ],